--DCL FOR ABC1
--CREATE USER ABC1 IDENTIFIED BY abc1;
--GRANT ALL PRIVILEGES TO ABC1;
--GRANT DBA TO ABC1;

DROP TABLE EMPLOYEES;
DROP TABLE DEPARTMENTS;
DROP TABLE JOB_GRADES;
DROP TABLE TAB1;
DROP TABLE TAB2;
DROP TABLE TAB3;

--DDL for DEPARTMENTS
CREATE TABLE DEPARTMENTS (DEPARTMENT_ID NUMBER(4), DEPARTMENT_NAME VARCHAR2(100) NOT NULL, MANAGER_ID NUMBER(5),
LOCATION_ID NUMBER(5), CONSTRAINT DEPT_ID_PK PRIMARY KEY (DEPARTMENT_ID));

--DDL for EMPLOYEES
CREATE TABLE EMPLOYEES (EMPLOYEE_ID NUMBER(6), FIRST_NAME VARCHAR2(50) NOT NULL,LAST_NAME VARCHAR2(50) NOT NULL,
EMAIL VARCHAR2(100),PHONE_NUMBER NUMBER(10),HIRE_DATE DATE NOT NULL, JOB_ID VARCHAR2(10) NOT NULL, SALARY NUMBER(9,2), 
COMMISSION_PCT NUMBER(4,2),MANAGER_ID NUMBER(6),DEPARTMENT_ID NUMBER(4),CONSTRAINT EMP_EMP_ID_PK PRIMARY KEY (EMPLOYEE_ID),
CONSTRAINT EMP_DEPT_FK FOREIGN KEY (DEPARTMENT_ID) REFERENCES DEPARTMENTS(DEPARTMENT_ID));
                                                                

--DML FOR DEPARTMENTS
INSERT INTO DEPARTMENTS (DEPARTMENT_ID , DEPARTMENT_NAME , MANAGER_ID , LOCATION_ID )
VALUES (10,'Administration',200,1700);

INSERT INTO DEPARTMENTS (DEPARTMENT_ID , DEPARTMENT_NAME , MANAGER_ID , LOCATION_ID )
VALUES (20,'Marketing',201,1800);

INSERT INTO DEPARTMENTS (DEPARTMENT_ID , DEPARTMENT_NAME , MANAGER_ID , LOCATION_ID )
VALUES (50,'Shipping',124,1500);

INSERT INTO DEPARTMENTS (DEPARTMENT_ID , DEPARTMENT_NAME , MANAGER_ID , LOCATION_ID )
VALUES (60,'IT',103,1500);

INSERT INTO DEPARTMENTS (DEPARTMENT_ID , DEPARTMENT_NAME , MANAGER_ID , LOCATION_ID )
VALUES (80,'Sales',149,2500);

INSERT INTO DEPARTMENTS (DEPARTMENT_ID , DEPARTMENT_NAME , MANAGER_ID , LOCATION_ID )
VALUES (90,'Executive',100,1700);

INSERT INTO DEPARTMENTS (DEPARTMENT_ID , DEPARTMENT_NAME , MANAGER_ID , LOCATION_ID )
VALUES (110,'Accounting',100,1700);

INSERT INTO DEPARTMENTS (DEPARTMENT_ID , DEPARTMENT_NAME , LOCATION_ID )
VALUES (190,'Contracting',1700);

--DML FOR EMPLOYEES
INSERT INTO EMPLOYEES (EMPLOYEE_ID , FIRST_NAME ,LAST_NAME ,
EMAIL ,PHONE_NUMBER ,DEPARTMENT_ID ,JOB_ID ,
SALARY ,HIRE_DATE) 
VALUES (1,'Sachin','Tendulkar','sac@gmail.com',9856855,90,'AD_PRES',24000.00,'10-Mar-12');

INSERT INTO EMPLOYEES (EMPLOYEE_ID , FIRST_NAME ,LAST_NAME ,
EMAIL ,PHONE_NUMBER ,DEPARTMENT_ID ,MANAGER_ID ,JOB_ID ,
SALARY ,HIRE_DATE) 
VALUES (2,'Vinod','Kumar','vin@gmail.com',654512,90,111,'AD_VP',17000.00,'10-May-12');

INSERT INTO EMPLOYEES (EMPLOYEE_ID , FIRST_NAME ,LAST_NAME ,
EMAIL ,PHONE_NUMBER ,DEPARTMENT_ID ,MANAGER_ID ,JOB_ID ,
SALARY ,COMMISSION_PCT ,HIRE_DATE) 
VALUES (3,'Santosh','Nair','abc@gmail.com',2342322,90,112,'AD_VP',19000.00,0.5,'19-Apr-12');

INSERT INTO EMPLOYEES (EMPLOYEE_ID , FIRST_NAME ,LAST_NAME ,
EMAIL ,PHONE_NUMBER ,DEPARTMENT_ID ,JOB_ID ,
SALARY ,COMMISSION_PCT ,HIRE_DATE) 
VALUES (4,'Raghu','K','def@gmail.com',2346233,60,'IT_PROG',16000.00,0.75,'1-Feb-11');

INSERT INTO EMPLOYEES (EMPLOYEE_ID , FIRST_NAME ,LAST_NAME ,
EMAIL ,PHONE_NUMBER ,DEPARTMENT_ID ,MANAGER_ID ,JOB_ID ,
SALARY ,COMMISSION_PCT ,HIRE_DATE) 
VALUES (5,'John','Williams','sfda@gmail.com',7456465,60,115,'IT_PROG',18000.00,1.5,'15-Dec-10');

INSERT INTO EMPLOYEES (EMPLOYEE_ID , FIRST_NAME ,LAST_NAME ,
EMAIL ,PHONE_NUMBER ,DEPARTMENT_ID ,MANAGER_ID ,JOB_ID ,
SALARY ,HIRE_DATE) 
VALUES (6,'Sushmitha','Sen','sas@gmail.com',5423424,60,117,'IT_PROG',26000.00,'21-Jun-11');

INSERT INTO EMPLOYEES (EMPLOYEE_ID , FIRST_NAME ,LAST_NAME ,
EMAIL ,PHONE_NUMBER ,DEPARTMENT_ID ,JOB_ID ,
SALARY ,COMMISSION_PCT ,HIRE_DATE) 
VALUES (7,'Ravindra','Raj','eac@gmail.com',8575673,50,'ST_MAN',8500.00,1.2,'17-Aug-10');

INSERT INTO EMPLOYEES (EMPLOYEE_ID , FIRST_NAME ,LAST_NAME ,
EMAIL ,PHONE_NUMBER ,DEPARTMENT_ID ,JOB_ID ,
SALARY ,COMMISSION_PCT ,HIRE_DATE) 
VALUES (8,'Ramesh','J','eac@gmail.com',6579452,50,'ST_CLERK',18500.00,0.9,'27-Aug-12');

INSERT INTO EMPLOYEES (EMPLOYEE_ID , FIRST_NAME ,LAST_NAME ,
EMAIL ,PHONE_NUMBER ,DEPARTMENT_ID ,MANAGER_ID ,JOB_ID ,
SALARY ,COMMISSION_PCT ,HIRE_DATE) 
VALUES (9,'Daniel','King','sas@gmail.com',5423424,50,117,'ST_CLERK',12000.00,1.2,'14-Jun-10');

INSERT INTO EMPLOYEES (EMPLOYEE_ID , FIRST_NAME ,LAST_NAME ,
EMAIL ,PHONE_NUMBER ,DEPARTMENT_ID ,MANAGER_ID ,JOB_ID ,
SALARY ,COMMISSION_PCT ,HIRE_DATE) 
VALUES (10,'Marlon','Samuels','bbsa@gmail.com',325674,50,186,'ST_CLERK',43000.00,1.2,'16-Apr-07');

INSERT INTO EMPLOYEES (EMPLOYEE_ID , FIRST_NAME ,LAST_NAME ,
EMAIL ,PHONE_NUMBER ,DEPARTMENT_ID ,MANAGER_ID ,JOB_ID ,
SALARY ,COMMISSION_PCT ,HIRE_DATE) 
VALUES (11,'Maven','Jetley','easd@gmail.com',3453424,50,165,'ST_CLERK',53000.00,1.2,'15-Oct-08');

INSERT INTO EMPLOYEES (EMPLOYEE_ID , FIRST_NAME ,LAST_NAME ,
EMAIL ,PHONE_NUMBER ,DEPARTMENT_ID ,MANAGER_ID ,JOB_ID ,
SALARY ,COMMISSION_PCT ,HIRE_DATE) 
VALUES (12,'Rich','Davis','base@gmail.com',4353213,80,198,'SA_MAN',15000.00,0.3,'22-Dec-08');

INSERT INTO EMPLOYEES (EMPLOYEE_ID , FIRST_NAME ,LAST_NAME ,
EMAIL ,PHONE_NUMBER ,DEPARTMENT_ID ,MANAGER_ID ,JOB_ID ,
SALARY ,COMMISSION_PCT ,HIRE_DATE) 
VALUES (13,'Brown','Richards','haes@gmail.com',12342231,80,114,'SA_REP',32500.00,0.2,'29-Sep-08');

INSERT INTO EMPLOYEES (EMPLOYEE_ID , FIRST_NAME ,LAST_NAME ,
EMAIL ,PHONE_NUMBER ,DEPARTMENT_ID, JOB_ID ,
SALARY ,COMMISSION_PCT ,HIRE_DATE) 
VALUES (14,'Mark','Taylor','ewsa@gmail.com',53434334,80,'SA_REP',36000.00,0.2,'30-Jul-09');

INSERT INTO EMPLOYEES (EMPLOYEE_ID , FIRST_NAME ,LAST_NAME ,
EMAIL ,PHONE_NUMBER ,DEPARTMENT_ID,JOB_ID ,
SALARY ,COMMISSION_PCT ,HIRE_DATE) 
VALUES (15,'Sanjiv','Singh','ewyh@gmail.com',3443333,80,'SA_REP',12000.00,0.15,'20-Feb-11');

INSERT INTO EMPLOYEES (EMPLOYEE_ID , FIRST_NAME ,LAST_NAME ,
EMAIL ,PHONE_NUMBER ,DEPARTMENT_ID ,JOB_ID ,
SALARY ,COMMISSION_PCT ,HIRE_DATE) 
VALUES (16,'Mukund','Kumar','muk@gmail.com',322378445,10,'AD_ASST',19500.00,1.2,'28-Apr-10');

INSERT INTO EMPLOYEES (EMPLOYEE_ID , FIRST_NAME ,LAST_NAME ,
EMAIL ,PHONE_NUMBER ,DEPARTMENT_ID ,JOB_ID ,
SALARY ,COMMISSION_PCT ,HIRE_DATE) 
VALUES (17,'Peter','Vargas','peter@gmail.com',322378445,20,'MK_MAN',19500.00,1.2,'28-Apr-10');

INSERT INTO EMPLOYEES (EMPLOYEE_ID , FIRST_NAME ,LAST_NAME ,
EMAIL ,PHONE_NUMBER ,DEPARTMENT_ID ,JOB_ID ,
SALARY ,COMMISSION_PCT ,HIRE_DATE) 
VALUES (18,'Jonathan','Taylor','jona@gmail.com',322378445,20,'MK_REP',19500.00,1.2,'28-Apr-10');

INSERT INTO EMPLOYEES (EMPLOYEE_ID , FIRST_NAME ,LAST_NAME ,
EMAIL ,PHONE_NUMBER ,DEPARTMENT_ID ,JOB_ID ,
SALARY ,COMMISSION_PCT ,HIRE_DATE) 
VALUES (19,'Michael','Lumb','mich@gmail.com',322378445,110,'AC_MGR',19500.00,1.2,'28-Apr-10');

INSERT INTO EMPLOYEES (EMPLOYEE_ID , FIRST_NAME ,LAST_NAME ,
EMAIL ,PHONE_NUMBER ,DEPARTMENT_ID ,JOB_ID ,
SALARY ,COMMISSION_PCT ,HIRE_DATE) 
VALUES (20,'Jennifer','Whalen','jenn@gmail.com',322378445,110,'AC_ACCOUNT',19500.00,1.2,'28-Apr-10');

--DDL FOR JOB_GRADES
CREATE TABLE JOB_GRADES (GRADE VARCHAR2(2),LOWEST_SAL NUMBER(10),HIGHEST_SAL NUMBER(10));

--DDL FOR JOB_GRADES                                                                                    
INSERT INTO JOB_GRADES VALUES ('A',3000,6000);
INSERT INTO JOB_GRADES VALUES ('B',6001,9000);
INSERT INTO JOB_GRADES VALUES ('C',9001,15000);
INSERT INTO JOB_GRADES VALUES ('D',15001,25000);
INSERT INTO JOB_GRADES VALUES ('E',25001,99000);
                                                                                    

--DDL FOR TAB1
CREATE TABLE TAB1(A NUMBER,B NUMBER);

--DML FOR TAB1
INSERT INTO TAB1 VALUES(1,2); 
INSERT INTO TAB1 VALUES(3,4); 
INSERT INTO TAB1 VALUES(5,6); 
INSERT INTO TAB1 VALUES(7,8); 

--DDL FOR TAB2
CREATE TABLE TAB2(B NUMBER,C NUMBER);

--DML FOR TAB2
INSERT INTO TAB2 VALUES(2,1); 
INSERT INTO TAB2 VALUES(8,1); 
INSERT INTO TAB2 VALUES(9,1); 

--DDL FOR TAB3
CREATE TABLE TAB3(B NUMBER,D NUMBER);

--DML FOR TAB3
INSERT INTO TAB3 VALUES(6,2); 
INSERT INTO TAB3 VALUES(3,4); 
INSERT INTO TAB3 VALUES(9,8); 

COMMIT;
